<?xml version="1.0" standalone="no" ?>
<!--
Minimum calls, run-time example. . SCORM 1.2.

Provided by Rustici Software - http://www.scorm.com

This example builds upon the single file per SCO example to add the bare minimum SCORM 
run-time calls.
-->

<manifest identifier="eu.skilldisplay.scorm.12" version="1"
       xmlns="http://www.imsproject.org/xsd/imscp_rootv1p1p2"
       xmlns:adlcp="http://www.adlnet.org/xsd/adlcp_rootv1p2"
       xmlns:xsi="http://www.w3.org/2001/XMLSchema-instance"
       xsi:schemaLocation="http://www.imsproject.org/xsd/imscp_rootv1p1p2 imscp_rootv1p1p2.xsd
                           http://www.imsglobal.org/xsd/imsmd_rootv1p2p1 imsmd_rootv1p2p1.xsd
                           http://www.adlnet.org/xsd/adlcp_rootv1p2 adlcp_rootv1p2.xsd">
  
  <metadata>
    <schema>ADL SCORM</schema>
    <schemaversion>1.2</schemaversion>
  </metadata>
  <organizations default="skilldisplay">
    <organization identifier="skilldisplay">
      <title>CMS | ADV | TYPO3 - External viewhelpers</title>
            <item identifier="importing_viewhelpers_item" identifierref="importing_viewhelpers_resource">
        <title>Importing ViewHelpers</title>
      </item>
          </organization>
  </organizations>

  <resources>
    <!-- Note that with the addition of run-time calls, we changed the scormtype to SCO.-->
        <resource identifier="importing_viewhelpers_resource" type="webcontent" adlcp:scormtype="sco" href="skills/importing_viewhelpers.html">
      <file href="skills/importing_viewhelpers.html"/>
      <dependency identifierref="common_files" />
    </resource>
        <!--The shared files remain as an asset-->
    <resource identifier="common_files" type="webcontent" adlcp:scormtype="asset">
      <file href="shared/scormfunctions.js"/>
      <file href="shared/style.css"/>
      <file href="shared/sdskill.css"/>
      <file href="shared/lato.css"/>
      <file href="shared/font/lato-v23-latin-300.eot"/>
      <file href="shared/font/lato-v23-latin-300.svg"/>
      <file href="shared/font/lato-v23-latin-300.ttf"/>
      <file href="shared/font/lato-v23-latin-300.woff"/>
      <file href="shared/font/lato-v23-latin-300.woff2"/>
      <file href="shared/font/lato-v23-latin-regular.eot"/>
      <file href="shared/font/lato-v23-latin-regular.svg"/>
      <file href="shared/font/lato-v23-latin-regular.ttf"/>
      <file href="shared/font/lato-v23-latin-regular.woff"/>
      <file href="shared/font/lato-v23-latin-regular.woff2"/>
    </resource>

  </resources>
</manifest>
